#,CAKE Resource Title,CAKE Link,Last Updated,CAKE Status,CRT Status,CRT Link,Comments
1,Tybee Island Sea Level Rise Adaptation Plan,Tybee Island Sea Level Rise Adaptation Plan | CAKE,2021,Federally-related > CRT,Selected,https://toolkit.climate.gov/action-plan/tybee-island-sea-level-rise-adaptation-plan,"I drafted this as an action plan rather than a case study. Also, Community Resilience: Tybee Island creates Georgia’s first sea level rise plan is showing a 404 error"
2,"Integrating Climate Change into the Planning and Operations of the Apostle Islands National Lakeshore, Wisconsin",https://www.cakex.org/case-studies/integrating-climate-change-planning-and-operations-apostle-islands-national-lakeshore-wisconsin,2013,Federally-related > CRT,Selected,,"All links are broken, but if available elsewhere I could see this being a good addition to the Toolkit"
3,Climate Change Adaptation Planning at the State Level in Minnesota,https://www.cakex.org/case-studies/climate-change-adaptation-planning-state-level-minnesota,2012,Federally-related > CRT,Selected,,Quite a few broken links
4,The National Oceanic and Atmospheric Administration’s Great Lakes Climate Initiatives,https://www.cakex.org/case-studies/national-oceanic-and-atmospheric-administration%E2%80%99s-great-lakes-climate-initiatives,2012,Federally-related > CRT,Not Selected,,broken links
5,The National Estuarine Research Reserve’s “Planning for Climate Change” Workshop,https://www.cakex.org/case-studies/national-estuarine-research-reserve%E2%80%99s-%E2%80%9Cplanning-climate-change%E2%80%9D-workshop,2021,Federally-related > CRT,Selected,https://toolkit.climate.gov/case-study/national-estuarine-research-reserve%E2%80%99s-%E2%80%9Cplanning-climate-change%E2%80%9D-workshop,Drafted as a case study: https://toolkit.climate.gov/case-study/national-estuarine-research-reserve%E2%80%99s-%E2%80%9Cplanning-climate-change%E2%80%9D-workshop
6,Integrating Climate Change into Plan Revisions at El Yunque National Forest,https://www.cakex.org/case-studies/integrating-climate-change-plan-revisions-el-yunque-national-forest,2017,Federally-related > CRT,Selected,,
7,Addressing Climate Change Impacts in the Great Lakes Water Quality Agreement,https://www.cakex.org/case-studies/addressing-climate-change-impacts-great-lakes-water-quality-agreement,2013,Federally-related > CRT,Not Selected,,broken link
8,Florida's Community Resiliency Initiative 2011-2017,https://www.cakex.org/case-studies/floridas-community-resiliency-initiative-2011-2017,2018,Federally-related > CRT,Selected,,
9,Wind River Reservation Drought Preparedness,https://www.cakex.org/case-studies/wind-river-reservation-drought-preparedness,2020,Federally-related > CRT,Selected,,Is there an updated final report available?
10,NOAA 2010 Workshop Series: Habitat Conservation in a Changing Climate,https://www.cakex.org/case-studies/noaa-2010-workshop-series-habitat-conservation-changing-climate,2021,Federally-related > CRT,Selected,,
11,Gulf of California Mangrove Ecosystem Services,https://www.cakex.org/case-studies/gulf-california-mangrove-ecosystem-services,2010,Federally-related > CRT,Selected,,
12,Integrating Climate Change into the U.S. National Estuarine Research Reserve System,https://www.cakex.org/case-studies/integrating-climate-change-us-national-estuarine-research-reserve-system,2020,Federally-related > CRT,Selected,,
13,Using Ecosystem-Based Management as an Adaptation Strategy in the Pacific Fishery Management Council,https://www.cakex.org/case-studies/using-ecosystem-based-management-adaptation-strategy-pacific-fishery-management-council,2021,Federally-related > CRT,Selected,,
14,U.S. Department of the Interior Climate Change Strategy,https://www.cakex.org/case-studies/us-department-interior-climate-change-strategy,2021,Federally-related > CRT,Not Selected,,EO mentioned
15,Polar Bear Designation Under the U.S. Endangered Species Act,https://www.cakex.org/case-studies/polar-bear-designation-under-us-endangered-species-act,2021,Federally-related > CRT,Not Selected,,broken links
16,Using a Precautionary Approach to Manage North Pacific Fisheries Under Uncertainty,https://www.cakex.org/case-studies/using-precautionary-approach-manage-north-pacific-fisheries-under-uncertainty,2020,Federally-related > CRT,Selected,,
17,Creating a National Adaptation Strategy for the United States: The Interagency Climate Change Adaptation Task Force,https://www.cakex.org/case-studies/creating-national-adaptation-strategy-united-states-interagency-climate-change-adaptation-task-force,2021,Federally-related > CRT,Not Selected,,EO mentioned
18,"Developing a National Fish, Wildlife, and Plants Climate Adaptation Strategy for the United States",https://www.cakex.org/case-studies/developing-national-fish-wildlife-and-plants-climate-adaptation-strategy-united-states,2021,Federally-related > CRT,Not Selected,,EO mentioned
19,U.S. Global Change Research Program,https://www.cakex.org/case-studies/us-global-change-research-program,2021,Federally-related > CRT,Selected,,
20,Assessing the Relative Coastal Vulnerability of National Park Units to Sea Level Rise and Lake Level Changes,https://www.cakex.org/case-studies/assessing-relative-coastal-vulnerability-national-park-units-sea-level-rise-and-lake-level-changes,2020,Federally-related > CRT,Selected,,
21,Climate Change and the National Marine Protected Areas Center,https://www.cakex.org/case-studies/climate-change-and-national-marine-protected-areas-center,2020,Federally-related > CRT,Selected,,
22,Addressing Climate Change Impacts in the Great Lakes Water Quality Agreement,https://www.cakex.org/case-studies/addressing-climate-change-impacts-great-lakes-water-quality-agreement,2012,Federally-related > CRT,Not Selected,,file not available
23,Climate-Smart Adaptation for the North-central California Coast and Ocean,https://www.cakex.org/case-studies/climate-smart-adaptation-north-central-california-coast-and-ocean,2016,Federally-related > CRT,Selected,,
24,"Recognizing Coral Adaptations to Environmental Stressors, National Park of American Samoa",https://www.cakex.org/case-studies/recognizing-coral-adaptations-environmental-stressors-national-park-american-samoa,2015,Federally-related > CRT,Selected,,
25,Restore America’s Estuaries Climate Action Plan,https://www.cakex.org/case-studies/restore-america%E2%80%99s-estuaries-climate-action-plan,2021,Federally-related > CRT,Selected,Plan - will input manually,
26,Nunat Climate Observations Database,https://www.cakex.org/case-studies/nunat-climate-observations-database,2010,Federally-related > CRT,Not Selected,,database no longer accessible
27,"Relocating the Native Village of Shishmaref, Alaska Due to Coastal Erosion",https://www.cakex.org/case-studies/relocating-native-village-shishmaref-alaska-due-coastal-erosion,2020,Federally-related > CRT,Selected,,
28,"Relocating the Village of Kivalina, Alaska Due to Coastal Erosion",https://www.cakex.org/case-studies/relocating-village-kivalina-alaska-due-coastal-erosion,2021,Federally-related > CRT,Selected,,
29,Considering Climate Change in the Tongass National Forest and Southeast Alaska through the Tongass Futures Roundtable,https://www.cakex.org/case-studies/considering-climate-change-tongass-national-forest-and-southeast-alaska-through-tongass-futures-roundtable,2021,Federally-related > CRT,Selected,,
30,Documenting Traditional Ecological Knowledge in Northwest Alaska,https://www.cakex.org/case-studies/documenting-traditional-ecological-knowledge-northwest-alaska,2021,Federally-related > CRT,Selected,,
31,"Relocating the Village of Newtok, Alaska due to Coastal Erosion",https://www.cakex.org/case-studies/relocating-village-newtok-alaska-due-coastal-erosion,2021,Federally-related > CRT,Selected,,
32,Creating Resilient Water Utilities Program,https://www.cakex.org/case-studies/creating-resilient-water-utilities-program,2021,Federally-related > CRT,Selected,,
33,Planning for Climate Change in the National Park Service,https://www.cakex.org/case-studies/planning-climate-change-national-park-service,2021,Federally-related > CRT,Not Selected,,EO mentioned
34,The National StormSmart Coasts Network: Linking Coastal Decision Makers to Resources,https://www.cakex.org/case-studies/national-stormsmart-coasts-network-linking-coastal-decision-makers-resources,2021,Federally-related > CRT,Selected,,
35,Kailua Beach and Dune Management Plan,https://www.cakex.org/case-studies/kailua-beach-and-dune-management-plan,2021,Federally-related > CRT,Selected,Plan - will input manually,
36,Incorporating Climate Change Adaptation into the Papahānaumokuākea Marine National Monument Management Plan,https://www.cakex.org/case-studies/incorporating-climate-change-adaptation-papah%C4%81naumoku%C4%81kea-marine-national-monument-management-plan,2021,Federally-related > CRT,Selected,,
37,Impacts of Climate Change on the Coastal Zone of Mexico: An Integrated Ecosystem Approach in the Gulf of Mexico to Support Coastal Zone Management Legislation,https://www.cakex.org/case-studies/impacts-climate-change-coastal-zone-mexico-integrated-ecosystem-approach-gulf-mexico-support-coastal-zone-management-legislation,2010,Federally-related > CRT,Selected,,
38,Alligator River National Wildlife Refuge/Albemarle-Pamlico Peninsula Climate Adaptation Project,Alligator River National Wildlife Refuge/Albemarle-Pamlico Peninsula Climate Adaptation Project,2021,Federally-related > CRT,Selected,,
39,Climate Change and the Florida Keys,Climate Change and the Florida Keys,2021,Federally-related > CRT,Selected,,
40,Coral Reef Ecosystem Studies (CREST) Project,Coral Reef Ecosystem Studies (CREST) Project,2020,Federally-related > CRT,Selected,,
41,Response to Florida Shelf Ecosystems to Climate Change: The FlaSH Project,Response to Florida Shelf Ecosystems to Climate Change: The FlaSH Project,2021,Federally-related > CRT,Selected,,broken links
42,Sentinel Monitoring of Salt Marshes in the North Carolina National Estuarine Research Reserve,Sentinel Monitoring of Salt Marshes in the North Carolina National Estuarine Research Reserve,2021,Federally-related > CRT,Selected,,broken links
43,Albemarle-Pamlico National Estuary Partnership's Climate Ready Estuaries Project,https://www.cakex.org/case-studies/albemarle-pamlico-national-estuary-partnerships-climate-ready-estuaries-project,2021,Federally-related > CRT,,,
44,Barnegat Bay Climate Change Adaptation Strategy Development,https://www.cakex.org/case-studies/barnegat-bay-climate-change-adaptation-strategy-development,2021,Federally-related > CRT,,,
45,"Coastal Adaptation Plan for the Town of Groton, Connecticut",https://www.cakex.org/case-studies/coastal-adaptation-plan-town-groton-connecticut,2020,Federally-related > CRT,,Plan - will input manually,
46,Coastal Community Resilience in Maine,https://www.cakex.org/case-studies/coastal-community-resilience-maine,2020,Federally-related > CRT,,,
47,Identifying Opportunities for Climate Adaptation in the Delaware Estuary,Identifying Opportunities for Climate Adaptation in the Delaware Estuary,2021,Federally-related > CRT,,,
48,Incorporating Climate Change into the Casco Bay Estuary Partnership,Incorporating Climate Change into the Casco Bay Estuary Partnership,2020,Federally-related > CRT,,,
49,"Homer, Alaska Climate Action Plan",https://www.cakex.org/case-studies/homer-alaska-climate-action-plan,2021,Option to Merge > CRT,Selected,https://toolkit.climate.gov/case-studies/town-plan-community-climate-and-conversations,
50,Implementing Interventions for Heat-related Illness and Wildfire Smoke Exposure in North Carolina,https://www.cakex.org/case-studies/implementing-interventions-heat-related-illness-and-wildfire-smoke-exposure-north-carolina,2020,Option to Merge > CRT,Selected,https://toolkit.climate.gov/case-studies/developing-early-warning-system-prevent-heat-illness,
51,"Managed Retreat at Surfer’s Point, California",https://www.cakex.org/case-studies/managed-retreat-surfer%E2%80%99s-point-california,2021,Option to Merge > CRT,Selected,https://toolkit.climate.gov/case-studies/restoring-surfers-point-partnerships-persistence-pays,
52,"Adapting to Rising Tides in San Francisco Bay, California",https://www.cakex.org/case-studies/adapting-rising-tides-san-francisco-bay-california,2021,Option to Merge > CRT,Selected,https://toolkit.climate.gov/case-studies/engaging-stakeholders-planning-sea-level-rise,
53,Adapting Sea Level Rise and Coastal Erosion Hawaii,https://www.cakex.org/case-studies/adapting-sea-level-rise-and-coastal-erosion-hawaii,2021,Option to Merge > CRT,Selected,https://toolkit.climate.gov/case-studies/reality-check-collaborative-research-contributes-real-life-policy-decisions,
54,Climatic Variability and Water Supply Planning in Tampa Bay,https://www.cakex.org/case-studies/climatic-variability-and-water-supply-planning-tampa-bay,2021,Option to Merge > CRT,Selected,https://toolkit.climate.gov/case-studies/climate-outlooks-help-water-supply-planning,
55,"Bridgeport, Connecticut Climate Preparedness Workshops",https://www.cakex.org/case-studies/bridgeport-connecticut-climate-preparedness-workshops,2015,Option to Merge > CRT,Selected,https://toolkit.climate.gov/case-studies/climate-preparedness-workshops-provide-head-start-toward-resilience,
56,Promoting Climate Awareness and Adaptive Planning in Three Atlantic Fisheries Communities Using the VCAPS Process and System Dynamics Model - Maine Lobster Fishery,https://www.cakex.org/case-studies/promoting-climate-awareness-and-adaptive-planning-three-atlantic-fisheries-communities-using-vcaps-process-and-system-dynamics-model-maine-lobster-fishery,2016,Option to Merge > CRT,Selected,https://toolkit.climate.gov/case-studies/maines-lobster-fishing-community-confronts-their-changing-climate,
